closest_town,date,time,weather_lat,weather_lon,temperature,feels_like,temp_min,temp_max,temp_description,humidity,cloudiness,wind_speed,daily_chance_snow,hourly_chance_snow
Vail,02/23/21,05:42:00,32.0479,-110.712,58.064000000000036,50.03600000000007,55.004000000000055,60.008,clear sky,12,0,1.59,0,0
Mountain Village,02/23/21,21:42:00,37.9314,-107.8565,25.772000000000038,18.140000000000022,19.994000000000074,28.4,clear sky,54,1,1.54,0,0
Mammoth Lakes,02/23/21,20:42:00,37.6485,-118.9721,26.744000000000074,19.34600000000005,26.00600000000003,28.4,clear sky,43,1,1.16,0,0
Snowmass Village,02/23/21,21:42:00,39.213,-106.9378,27.841999999999995,17.888000000000044,24.8,32.0,clear sky,58,1,3.6,8,0
Breckenridge,02/23/21,22:42:00,32.7557,-98.9023,66.41600000000001,57.34400000000007,64.4,68.0,clear sky,45,1,6.17,0,0
Keystone,02/23/21,23:42:00,28.1558,-82.6212,56.498000000000026,52.754000000000055,53.00600000000003,60.998000000000026,clear sky,76,0,2.83,0,0
Killington,02/23/21,04:42:00,54.295,-2.5947,49.73000000000004,46.63399999999999,46.99400000000007,51.998000000000026,moderate rain,96,100,2.24,0,0
Winter Park,02/23/21,23:42:00,28.6,-81.3392,58.31600000000001,55.94000000000002,57.00200000000008,60.8,clear sky,72,1,1.81,0,0
Stowe,02/23/21,23:42:00,40.2526,-75.6774,39.092,31.982000000000017,37.004000000000055,41.0,clear sky,56,1,2.06,63,66
Steamboat Springs,02/23/21,21:42:00,40.485,-106.8317,22.244000000000074,14.144000000000073,12.2,26.6,overcast clouds,43,90,1.54,28,0
Park City,02/23/21,12:42:00,42.3484,-87.8842,39.2,31.478000000000065,39.2,39.2,scattered clouds,70,40,3.09,0,0
Big Sky Mountain Village,02/23/21,21:42:00,45.2882,-111.3941,18.680000000000042,8.149999999999999,15.998000000000026,21.2,overcast clouds,58,90,3.6,52,0
Frisco,02/23/21,22:42:00,33.1507,-96.8236,66.70400000000005,61.12400000000001,64.99400000000007,68.0,clear sky,59,0,4.92,0,0
Alpine Meadows,02/23/21,20:42:00,50.1482,-122.9654,33.872000000000035,27.068000000000087,33.008,35.6,scattered clouds,93,43,2.57,0,0
Alta,02/23/21,10:42:00,69.9689,23.2717,17.6,3.956000000000028,17.6,17.6,few clouds,67,20,6.17,28,0
Aspen,02/23/21,23:42:00,39.1911,-106.8175,24.8,14.630000000000042,24.8,24.8,clear sky,58,1,3.6,0,0
Teton Village,02/23/21,21:42:00,43.588,-110.828,14.54000000000002,6.368000000000087,10.004000000000055,19.4,light snow,93,90,2.06,49,0
Park City,02/23/21,12:42:00,42.3484,-87.8842,39.2,31.478000000000065,39.2,39.2,scattered clouds,70,40,3.09,0,0
Mount Crested Butte,02/23/21,21:42:00,38.9077,-106.9691,28.13000000000004,18.194000000000074,24.8,32.0,clear sky,58,1,3.6,0,0
Eden,02/23/21,22:42:00,36.4885,-79.7667,37.90400000000005,33.11600000000001,33.8,44.99600000000005,clear sky,80,1,1.0,10,0
Lake Placid,02/23/21,23:42:00,44.2795,-73.9799,30.722000000000037,21.541999999999994,30.002000000000077,32.0,light snow,93,90,4.12,0,0
Bend,02/23/21,15:42:00,44.0582,-121.3153,31.22600000000009,18.35600000000003,28.994000000000074,33.8,clear sky,60,1,6.17,0,0
Truckee,02/23/21,20:42:00,39.328,-120.1833,29.10200000000008,21.50600000000003,23.0,35.00600000000003,clear sky,68,1,2.06,0,0
Sandpoint,02/23/21,20:42:00,48.2766,-116.5533,25.79000000000002,20.156000000000027,12.991999999999997,30.2,clear sky,86,1,0.68,36,66
Keystone,02/23/21,23:42:00,28.1558,-82.6212,56.498000000000026,52.754000000000055,53.00600000000003,60.998000000000026,clear sky,76,0,2.83,0,0
Government Camp,02/23/21,20:42:00,45.3041,-121.7548,28.778000000000066,16.682000000000016,19.004000000000055,35.99600000000005,snow,94,100,6.26,97,98
Stratton,02/23/21,04:42:00,43.0429,-72.9109,32.702000000000076,27.698000000000025,30.991999999999997,33.998000000000026,overcast clouds,89,90,0.89,0,0
Wenatchee,02/23/21,20:42:00,47.4235,-120.3103,34.772000000000034,27.104000000000052,33.8,37.004000000000055,clear sky,80,1,2.95,19,53
Taos Ski Valley,02/23/21,21:42:00,36.596,-105.4545,32.288000000000046,18.374000000000013,26.99600000000005,37.4,clear sky,47,1,6.69,0,0
Reno,02/23/21,20:42:00,39.5296,-119.8138,38.94800000000002,30.991999999999997,35.6,42.998000000000026,clear sky,32,1,1.82,0,0
Aspen,02/23/21,23:42:00,39.1911,-106.8175,24.8,14.630000000000042,24.8,24.8,clear sky,58,1,3.6,0,0
Truckee,02/23/21,20:42:00,39.328,-120.1833,29.10200000000008,21.50600000000003,23.0,35.00600000000003,clear sky,68,1,2.06,0,0
Angel Fire,02/23/21,21:42:00,36.3931,-105.285,31.658000000000005,17.708000000000006,26.99600000000005,33.8,clear sky,47,1,6.69,0,0
Pagosa Springs,02/23/21,21:42:00,37.2695,-107.0098,27.932000000000016,20.26400000000003,26.00600000000003,28.994000000000074,clear sky,69,1,2.06,0,0
Warren,02/23/21,23:42:00,39.4334,-84.1666,34.80800000000001,26.762000000000057,30.991999999999997,39.2,clear sky,75,1,3.09,0,0
Durango,02/23/21,05:42:00,24.8333,-104.8333,56.33600000000007,49.02800000000006,56.33600000000007,56.33600000000007,broken clouds,37,62,2.78,0,0
Sandy City,02/23/21,21:42:00,40.572,-111.8606,30.074000000000012,20.82200000000004,28.004000000000055,32.0,clear sky,55,1,3.09,0,0
Ludlow,02/23/21,23:42:00,42.1601,-72.4759,39.056000000000026,28.07600000000009,37.004000000000055,41.0,overcast clouds,70,90,5.66,0,0
Glacier,02/23/21,20:42:00,48.65,-112.9676,20.732000000000017,10.291999999999994,15.8,24.998000000000026,scattered clouds,86,40,4.12,79,66
Burlington,02/23/21,23:42:00,39.8835,-74.6413,43.39400000000008,31.874000000000013,42.8,44.6,few clouds,61,20,6.17,24,0
Jay,02/23/21,13:42:00,44.5039,-70.2162,31.1,25.466000000000008,30.002000000000077,33.008,overcast clouds,86,100,1.15,0,0
Salt Lake City,02/23/21,21:42:00,40.7608,-111.8911,29.858000000000004,21.758000000000003,26.99600000000005,33.8,clear sky,51,1,2.06,27,0
Parowan,02/23/21,21:42:00,37.8422,-112.828,38.39000000000002,32.774000000000015,35.6,41.0,clear sky,48,1,0.53,0,0
Bear Valley,02/23/21,20:42:00,38.4646,-120.0399,28.49000000000002,18.95,26.99600000000005,30.991999999999997,clear sky,74,1,3.7,0,0
Anchorage,02/23/21,19:42:00,61.2181,-149.9003,15.674000000000014,7.754000000000055,15.008000000000003,17.99600000000005,overcast clouds,67,90,1.54,0,0
Twin Mountain,02/23/21,23:42:00,44.2723,-71.539,28.65200000000008,20.498000000000026,14.0,32.0,light snow,93,90,3.09,86,99
West Dover,02/23/21,07:42:00,44.4921,-63.8692,34.50200000000008,27.914000000000033,33.008,35.6,overcast clouds,80,100,2.06,0,0
Red Lodge,02/23/21,04:42:00,45.1858,-109.2468,25.448000000000025,14.522000000000038,21.2,28.994000000000074,clear sky,53,1,4.12,0,0
Jeffersonville,02/23/21,23:42:00,38.2776,-85.7372,40.24400000000007,32.73800000000004,35.99600000000005,44.6,clear sky,56,1,2.47,0,0
Bozeman,02/23/21,21:42:00,45.6796,-111.0386,21.128000000000064,14.072000000000038,17.99600000000005,26.6,clear sky,54,1,0.88,65,0
Boise,02/23/21,23:42:00,43.6135,-116.2035,34.23200000000001,27.104000000000052,33.8,35.00600000000003,broken clouds,55,75,1.67,0,0
Kirkwood,02/23/21,22:42:00,38.5834,-90.4068,50.288000000000046,40.87400000000001,48.00200000000008,53.00600000000003,broken clouds,58,75,5.14,0,0
North Creek,02/23/21,20:42:00,47.8195,-122.1762,36.01400000000003,27.59000000000002,33.008,39.00200000000008,overcast clouds,93,90,4.12,0,0
South Lake Tahoe,02/23/21,20:42:00,38.9332,-119.9844,29.444000000000074,21.704000000000054,26.6,35.99600000000005,clear sky,63,1,2.06,0,0
Enumclaw,02/23/21,20:42:00,47.2043,-121.9915,35.312000000000054,29.588000000000044,32.0,39.00200000000008,light snow,90,100,1.79,9,0
Chewelah,02/23/21,20:42:00,48.2763,-117.7155,29.012000000000057,22.76600000000001,28.004000000000055,30.002000000000077,overcast clouds,80,100,1.28,26,41
Welches,02/23/21,20:42:00,45.3282,-121.9609,33.26000000000008,23.414000000000033,19.004000000000055,39.00200000000008,light snow,88,100,4.77,61,33
Lincoln,02/23/21,22:42:00,40.8,-96.667,42.98000000000004,33.13399999999999,39.00200000000008,46.4,clear sky,57,1,4.63,0,0
Ruidoso,02/23/21,21:42:00,33.3317,-105.673,48.2,34.10600000000003,48.2,48.2,clear sky,13,1,6.17,0,0
Tannersville,02/23/21,23:42:00,41.0401,-75.3057,35.780000000000044,22.67600000000009,33.008,39.992,clear sky,75,1,7.2,0,0
Donnelly,02/23/21,21:42:00,55.7293,-117.1095,23.954000000000054,7.178000000000065,19.994000000000074,28.4,light snow,80,90,9.26,10,0
Windham,02/23/21,23:42:00,41.8334,-72.0001,38.21000000000008,29.06600000000001,37.004000000000055,39.2,overcast clouds,70,90,4.12,9,24
Flagstaff,02/23/21,21:42:00,35.1981,-111.6513,37.43600000000007,30.452000000000076,35.00600000000003,42.008,clear sky,48,1,1.54,0,0
Government Camp,02/23/21,20:42:00,45.3041,-121.7548,28.778000000000066,16.682000000000016,19.004000000000055,35.99600000000005,snow,94,100,6.26,97,98
Driggs,02/23/21,23:42:00,43.7233,-111.1113,14.954000000000054,6.152000000000079,12.2,19.4,light snow,92,75,2.57,0,0
Ellicottville,02/23/21,23:42:00,42.2751,-78.6728,32.66600000000001,25.952000000000076,32.0,33.008,broken clouds,100,75,2.57,78,88
Franconia,02/23/21,23:42:00,38.7821,-77.1464,37.58000000000004,31.604000000000052,33.8,41.0,clear sky,80,1,1.91,0,0
Lutsen,02/23/21,22:42:00,47.6471,-90.6749,30.632000000000016,23.68399999999999,28.004000000000055,35.6,overcast clouds,64,90,1.54,11,0
Nederland,02/23/21,22:42:00,29.9744,-93.9924,54.122000000000035,49.694000000000074,53.6,55.4,clear sky,94,1,4.12,0,0
Silverthorne,02/23/21,21:42:00,39.6321,-106.0743,15.116000000000007,0.6980000000000253,10.399999999999999,19.4,light snow,68,1,6.69,19,0
Killington,02/23/21,04:42:00,54.295,-2.5947,49.73000000000004,46.63399999999999,46.99400000000007,51.998000000000026,moderate rain,96,100,2.24,0,0
Naches,02/23/21,20:42:00,46.731,-120.6995,34.71800000000009,28.49000000000002,32.0,37.004000000000055,clear sky,80,10,1.79,9,0
Sula,02/23/21,05:42:00,15.4573,120.3955,87.8,93.2,87.8,87.8,broken clouds,62,75,3.09,0,0
Mesa,02/23/21,21:42:00,33.4223,-111.8226,61.16000000000008,55.291999999999994,57.992,64.99400000000007,clear sky,21,1,0.76,0,0
Gilford,02/23/21,23:42:00,43.5476,-71.4067,32.21600000000001,25.82600000000009,32.0,33.008,overcast clouds,93,90,2.06,10,0
Clovis,02/23/21,20:42:00,36.8252,-119.7029,55.85,51.314000000000036,53.00600000000003,60.8,clear sky,51,1,1.54,0,0
Truckee,02/23/21,20:42:00,39.328,-120.1833,29.10200000000008,21.50600000000003,23.0,35.00600000000003,clear sky,68,1,2.06,0,0
Waitsfield,02/23/21,23:42:00,44.1901,-72.8248,32.55800000000001,25.682000000000016,30.002000000000077,35.00600000000003,light snow,100,95,2.68,47,43
Philipsburg,02/23/21,00:42:00,18.026,-63.0458,77.0,76.37000000000006,75.99199999999999,78.00800000000001,few clouds,73,20,5.66,0,0
Marysville,02/23/21,20:42:00,48.0518,-122.1771,34.44800000000002,28.382000000000016,33.008,35.99600000000005,light rain,93,90,2.06,0,0
Sonora,02/23/21,22:42:00,37.9841,-120.3821,45.44600000000005,39.57800000000007,44.00600000000003,48.00200000000008,clear sky,76,1,2.65,0,0
North Conway,02/23/21,06:42:00,44.0537,-71.1284,33.26000000000008,26.744000000000074,30.002000000000077,35.6,overcast clouds,69,90,1.54,0,0
North Conway,02/23/21,06:42:00,44.0537,-71.1284,33.26000000000008,26.744000000000074,30.002000000000077,35.6,overcast clouds,69,90,1.54,0,0
Newbury,02/23/21,04:42:00,51.4003,-1.3206,53.67200000000004,46.32800000000007,53.00600000000003,55.004000000000055,overcast clouds,86,99,5.81,0,0
Provo,02/23/21,21:42:00,40.2338,-111.6585,33.728000000000065,23.324000000000012,32.0,35.6,clear sky,51,1,4.12,0,0
Kellogg,02/23/21,22:42:00,47.5383,-116.1193,25.358000000000004,17.941999999999997,17.6,30.991999999999997,snow,86,90,2.06,0,0
McCall,02/23/21,21:42:00,44.911,-116.0987,21.2,13.082000000000015,21.2,21.2,light snow,68,40,1.98,79,98
Big Bear Lake,02/23/21,20:42:00,34.2439,-116.9114,41.918000000000085,36.860000000000085,32.0,55.99400000000007,clear sky,59,1,0.81,0,0
Lead,02/23/21,15:42:00,44.3522,-103.7652,25.79000000000002,12.90200000000008,21.002000000000077,30.991999999999997,broken clouds,74,75,6.17,0,0
Danbury,02/23/21,23:42:00,41.3948,-73.454,39.61400000000003,28.688000000000045,37.99400000000007,42.8,clear sky,56,1,5.14,0,0
Marlinton,02/23/21,23:42:00,38.2235,-80.0945,36.733999999999995,29.696000000000048,32.0,41.0,clear sky,48,1,1.54,11,0
Marlinton,02/23/21,23:42:00,38.2235,-80.0945,36.733999999999995,29.696000000000048,32.0,41.0,clear sky,48,1,1.54,11,0
Rangeley,02/23/21,23:42:00,44.9667,-70.6435,30.36200000000006,24.044000000000075,28.994000000000074,30.991999999999997,overcast clouds,92,100,1.78,0,0
Highland,02/23/21,21:42:00,34.1283,-117.2086,55.36400000000003,48.61400000000003,44.00600000000003,64.4,clear sky,27,1,1.54,0,0
Logan,02/23/21,21:42:00,41.7355,-111.8344,26.798000000000023,18.23000000000004,26.00600000000003,28.4,clear sky,64,1,2.57,23,0
Jackson,02/23/21,23:42:00,42.4165,-122.8345,40.748000000000026,34.898000000000025,39.00200000000008,44.6,overcast clouds,53,90,1.09,0,0
Santa Fe,02/23/21,01:42:00,-31.6333,-60.7,69.00800000000001,71.58200000000002,69.00800000000001,69.00800000000001,scattered clouds,76,29,0.89,0,0
Davis,02/23/21,20:42:00,41.0005,-112.0013,31.55,23.720000000000063,30.002000000000077,33.998000000000026,clear sky,55,1,2.06,0,0
Stroudsburg,02/23/21,23:42:00,40.9868,-75.1946,37.202000000000076,27.212000000000057,33.008,39.992,clear sky,52,1,4.06,8,0
Waterville Valley,02/23/21,23:42:00,43.9503,-71.4997,33.35,28.994000000000074,32.0,33.998000000000026,overcast clouds,89,97,0.45,57,90
Crescent,02/23/21,15:42:00,35.9525,-97.5948,60.530000000000044,49.38800000000005,59.0,62.6,clear sky,42,1,6.69,0,0
Big Bear Lake,02/23/21,20:42:00,34.2439,-116.9114,41.918000000000085,36.860000000000085,32.0,55.99400000000007,clear sky,59,1,0.81,0,0
Missoula,02/23/21,21:43:00,47.0166,-113.8009,30.398000000000025,23.324000000000012,30.002000000000077,30.991999999999997,light snow,80,90,2.06,71,0
Mullan,02/23/21,09:13:00,47.4702,-115.8018,17.6,9.518000000000086,17.6,17.6,light snow,86,90,2.06,0,0
Wilmington,02/23/21,23:43:00,34.2257,-77.9447,49.424000000000014,44.40200000000008,48.00200000000008,51.008,clear sky,76,1,2.57,0,0
Salida,02/23/21,22:43:00,37.7058,-121.0849,57.02000000000006,48.23600000000007,55.004000000000055,59.0,clear sky,33,1,3.72,0,0
North Bend,02/23/21,20:43:00,43.4065,-124.2243,43.64600000000005,36.55400000000005,42.008,44.6,overcast clouds,81,90,3.6,0,0
Mead,02/23/21,23:43:00,47.7674,-117.3549,32.14400000000008,26.6,30.002000000000077,33.998000000000026,scattered clouds,75,40,0.86,21,43
Sandia Park,02/23/21,21:43:00,35.1678,-106.3656,44.87000000000006,36.122000000000035,39.00200000000008,48.00200000000008,clear sky,36,4,2.95,0,0
Rochester,02/23/21,23:43:00,43.1548,-77.6156,37.86800000000009,25.682000000000016,37.004000000000055,39.00200000000008,broken clouds,75,75,6.69,25,0
Westminster,02/23/21,21:43:00,39.8367,-105.0372,40.11800000000009,23.03600000000007,32.0,46.4,scattered clouds,23,40,8.75,0,0
Henniker,02/23/21,23:43:00,43.1798,-71.8223,32.63000000000004,26.762000000000057,30.991999999999997,35.00600000000003,broken clouds,81,74,1.34,9,0
Harbor Springs,02/23/21,23:43:00,45.4317,-84.992,30.866000000000007,23.648000000000025,30.002000000000077,32.0,overcast clouds,93,90,2.57,52,80
Wausau,02/23/21,22:43:00,44.9591,-89.6301,33.92600000000009,26.204000000000054,33.8,33.998000000000026,light snow,86,90,3.09,21,31
Londonderry,02/23/21,04:43:00,54.9981,-7.3093,44.041999999999994,35.924000000000014,44.041999999999994,44.041999999999994,overcast clouds,88,93,4.79,0,0
Incline Village,02/23/21,20:43:00,39.2513,-119.973,34.268000000000086,27.17600000000009,26.6,41.0,clear sky,68,1,2.06,0,0
Homewood,02/23/21,22:43:00,33.4718,-86.8008,49.73000000000004,45.266000000000005,46.4,51.008,clear sky,66,1,1.61,0,0
Sugar Mountain,02/23/21,23:43:00,36.1273,-81.8601,37.70600000000003,31.58600000000007,35.99600000000005,39.00200000000008,clear sky,72,1,1.75,0,0
Malone,02/23/21,22:43:00,44.8487,-74.2949,35.65400000000005,25.88000000000004,33.998000000000026,37.4,overcast clouds,93,100,5.14,0,0
Polaris,02/23/21,21:43:00,39.3391,-120.1358,30.758000000000003,23.30600000000003,26.6,35.00600000000003,clear sky,68,1,2.06,67,0
Fairfield,02/23/21,20:43:00,41.2668,-73.3162,41.09000000000002,30.32600000000009,39.00200000000008,42.8,clear sky,56,1,5.14,0,0
Wrightwood,02/23/21,20:43:00,34.3608,-117.6334,48.14600000000005,42.728000000000065,41.0,55.004000000000055,scattered clouds,51,31,1.34,0,0
Truckee,02/23/21,20:42:00,39.328,-120.1833,29.10200000000008,21.50600000000003,23.0,35.00600000000003,clear sky,68,1,2.06,0,0
Bridgton,02/23/21,23:43:00,44.0548,-70.7128,29.660000000000082,24.29600000000005,28.004000000000055,32.0,overcast clouds,96,100,1.06,17,66
Ellicottville,02/23/21,23:42:00,42.2751,-78.6728,32.66600000000001,25.952000000000076,32.0,33.008,broken clouds,100,75,2.57,78,88
McCloud,02/23/21,20:43:00,41.2557,-122.1395,37.09400000000007,28.994000000000074,35.99600000000005,39.2,clear sky,38,1,2.06,0,0
Glenwood Springs,02/23/21,21:43:00,39.5505,-107.3248,28.18399999999999,18.89600000000005,17.6,33.008,broken clouds,79,75,3.6,10,0
Inkom,02/23/21,21:43:00,42.7963,-112.2541,28.688000000000045,17.041999999999994,28.4,28.994000000000074,clear sky,64,1,5.14,52,0
Leadville,02/23/21,15:43:00,39.2508,-106.2925,20.48000000000004,12.541999999999994,19.4,21.2,clear sky,63,1,1.71,0,0
Great Barrington,02/23/21,04:43:00,42.1959,-73.3621,37.16600000000001,23.54000000000002,35.99600000000005,37.99400000000007,broken clouds,1,82,5.14,0,0
White Sulphur Springs,02/23/21,22:43:00,37.7965,-80.2976,41.0,34.34000000000002,41.0,41.0,clear sky,48,1,1.54,0,0
Logan,02/23/21,21:43:00,41.7355,-111.8344,26.798000000000023,18.23000000000004,26.00600000000003,28.4,clear sky,64,1,2.57,23,0
Gampelen,02/23/21,05:43:00,47.015,7.0599,36.77000000000006,31.568000000000087,33.8,39.00200000000008,clear sky,75,0,1.03,0,0
Lead,02/23/21,15:42:00,44.3522,-103.7652,25.79000000000002,12.90200000000008,21.002000000000077,30.991999999999997,broken clouds,74,75,6.17,0,0
Red River,02/23/21,21:43:00,36.7095,-105.4076,32.522000000000034,18.62600000000009,26.99600000000005,37.4,clear sky,47,1,6.69,48,0
Saint Johnsbury,02/23/21,23:43:00,44.4192,-72.0151,32.61200000000006,27.391999999999996,30.991999999999997,33.8,overcast clouds,86,98,0.96,58,91
Eden,02/23/21,22:42:00,36.4885,-79.7667,37.90400000000005,33.11600000000001,33.8,44.99600000000005,clear sky,80,1,1.0,10,0
Beaver,02/23/21,20:43:00,40.6953,-80.3048,34.50200000000008,27.068000000000087,28.994000000000074,37.4,clear sky,75,1,2.57,0,0
Virgil,02/23/21,05:43:00,41.9559,-88.5373,36.266000000000005,25.682000000000016,35.6,37.4,clear sky,87,1,5.66,0,0
Wintergreen,02/23/21,23:43:00,37.8849,-78.8995,36.59000000000002,26.02400000000001,32.0,46.4,clear sky,42,1,4.12,0,0
Wrightwood,02/23/21,20:43:00,34.3608,-117.6334,48.14600000000005,42.728000000000065,41.0,55.004000000000055,scattered clouds,51,31,1.34,0,0
Duluth,02/23/21,22:43:00,46.7833,-92.1066,34.556000000000026,27.140000000000022,32.0,37.4,light snow,75,90,2.57,24,23
Houlton,02/23/21,00:43:00,46.1262,-67.8403,29.678000000000065,23.54000000000002,28.994000000000074,30.2,scattered clouds,86,40,1.41,32,74
Anchorage,02/23/21,19:42:00,61.2181,-149.9003,15.674000000000014,7.754000000000055,15.008000000000003,17.99600000000005,overcast clouds,67,90,1.54,0,0
Stroudsburg,02/23/21,23:42:00,40.9868,-75.1946,37.202000000000076,27.212000000000057,33.008,39.992,clear sky,52,1,4.06,8,0
McHenry,02/23/21,23:43:00,42.3334,-88.4668,37.99400000000007,33.908,37.004000000000055,39.00200000000008,overcast clouds,80,99,0.45,12,0
Boston,02/23/21,23:43:00,42.3584,-71.0598,36.75200000000008,24.404000000000053,35.00600000000003,37.99400000000007,few clouds,75,20,6.69,0,58
Fairbanks,02/23/21,19:43:00,64.8378,-147.7164,1.1480000000000246,-6.051999999999978,-0.003999999999948045,3.002000000000077,light snow,71,90,0.53,20,0
Sisters,02/23/21,15:43:00,44.291,-121.5492,32.55800000000001,23.75600000000003,32.0,33.998000000000026,few clouds,63,18,3.13,0,0
North Bend,02/23/21,20:43:00,43.4065,-124.2243,43.64600000000005,36.55400000000005,42.008,44.6,overcast clouds,81,90,3.6,0,0
Juneau,02/23/21,19:43:00,58.3019,-134.4197,29.138000000000044,19.832000000000015,24.008000000000003,35.6,light snow,75,90,3.6,94,99
Centennial,02/23/21,21:43:00,39.5792,-104.8769,38.48000000000004,27.302000000000078,30.991999999999997,44.00600000000003,few clouds,26,20,4.12,0,0
Roxbury,02/23/21,23:43:00,44.0945,-72.7329,33.008,26.564000000000032,30.991999999999997,35.00600000000003,mist,100,90,2.4,8,64
Boyne Falls,02/23/21,23:43:00,45.1681,-84.9162,30.65,23.341999999999995,30.002000000000077,30.991999999999997,light snow,97,100,2.73,29,54
Altoona,02/23/21,23:43:00,40.5187,-78.3947,39.398000000000025,27.338000000000044,39.00200000000008,39.992,clear sky,60,1,6.17,8,79
Harbor Springs,02/23/21,23:43:00,45.4317,-84.992,30.866000000000007,23.648000000000025,30.002000000000077,32.0,overcast clouds,93,90,2.57,52,80
Tully,02/23/21,05:43:00,-17.9333,145.9333,87.692,91.94000000000003,87.692,87.692,clear sky,59,9,3.32,0,0
Biwabik,02/23/21,22:43:00,47.533,-92.3402,33.8,26.69000000000002,33.8,33.8,overcast clouds,69,90,2.06,23,0
Hancock,02/23/21,23:43:00,41.0167,-83.6666,34.772000000000034,24.98000000000004,32.0,35.99600000000005,clear sky,80,1,4.63,8,41
Malta,02/23/21,05:43:00,48.3597,-107.8743,28.4,21.091999999999995,28.4,28.4,overcast clouds,100,90,2.57,0,0
Vadito,02/23/21,21:43:00,36.1911,-105.6708,32.342,21.722000000000037,26.99600000000005,37.4,clear sky,48,1,4.12,0,0
Great Barrington,02/23/21,04:43:00,42.1959,-73.3621,37.16600000000001,23.54000000000002,35.99600000000005,37.99400000000007,broken clouds,1,82,5.14,0,0
Banner Elk,02/23/21,23:43:00,36.1632,-81.8715,37.67000000000006,31.946000000000048,35.6,39.00200000000008,clear sky,75,1,1.54,0,0
Cody,02/23/21,21:43:00,44.5263,-109.0565,26.366000000000007,16.970000000000063,26.00600000000003,26.6,clear sky,36,1,2.57,28,0
Mercersburg,02/23/21,23:43:00,39.8279,-77.9033,40.352000000000075,31.441999999999997,37.99400000000007,42.8,clear sky,56,1,3.6,0,0
Ashland,02/23/21,20:43:00,40.8167,-82.2665,37.274000000000015,27.788000000000046,33.008,41.0,broken clouds,65,75,4.12,0,0
Bellaire,02/23/21,22:43:00,29.7058,-95.4588,59.95400000000005,50.95400000000005,57.992,62.00600000000003,broken clouds,82,75,8.23,0,0
Ririe,02/23/21,21:43:00,43.6313,-111.7736,25.718000000000085,17.978000000000065,24.8,26.6,overcast clouds,50,90,1.54,36,0
Hancock,02/23/21,23:43:00,41.0167,-83.6666,34.772000000000034,24.98000000000004,32.0,35.99600000000005,clear sky,80,1,4.63,8,41
Tully,02/23/21,05:43:00,-17.9333,145.9333,87.692,91.94000000000003,87.692,87.692,clear sky,59,9,3.32,0,0
Keene,02/23/21,23:43:00,42.9337,-72.2781,32.57600000000009,26.491999999999997,32.0,33.998000000000026,overcast clouds,100,90,2.06,18,27
Mankato,02/23/21,22:43:00,44.1636,-93.9994,35.61800000000009,28.166000000000007,35.00600000000003,35.99600000000005,broken clouds,87,75,3.09,0,0
Pinedale,02/23/21,20:43:00,42.8666,-109.861,8.024000000000012,-1.2099999999999795,5.0,12.2,clear sky,92,1,2.57,0,0
Cadillac,02/23/21,23:43:00,44.2519,-85.4012,33.8,26.744000000000074,33.8,33.8,overcast clouds,86,90,2.55,38,72
Truckee,02/23/21,20:42:00,39.328,-120.1833,29.10200000000008,21.50600000000003,23.0,35.00600000000003,clear sky,68,1,2.06,0,0
Bessemer,02/23/21,22:43:00,33.4018,-86.9544,49.98200000000001,43.39400000000008,44.99600000000005,57.2,clear sky,35,1,1.54,0,0
Jackson,02/23/21,23:42:00,42.4165,-122.8345,40.748000000000026,34.898000000000025,39.00200000000008,44.6,overcast clouds,53,90,1.09,0,0
Allentown,02/23/21,23:43:00,40.6084,-75.4902,40.694000000000074,32.288000000000046,39.992,41.0,clear sky,65,1,3.6,0,0
Manchester,02/23/21,04:43:00,53.4809,-2.2374,53.34800000000003,47.48000000000004,51.998000000000026,53.99600000000005,light rain,87,90,4.63,0,0
Mohawk,02/23/21,23:43:00,43.0115,-75.004,35.34800000000003,31.22600000000009,33.998000000000026,37.004000000000055,overcast clouds,88,100,0.45,41,63
Swain,02/23/21,22:43:00,35.4668,-83.4832,36.391999999999996,32.75600000000003,32.0,41.0,clear sky,93,1,0.36,63,99
Woodstock,02/23/21,23:43:00,43.1334,-80.7497,32.774000000000015,26.85200000000008,32.0,33.998000000000026,overcast clouds,86,97,1.54,31,17
Choteau,02/23/21,21:43:00,47.8125,-112.1836,27.86000000000008,15.440000000000019,26.99600000000005,28.994000000000074,scattered clouds,52,48,5.4,8,0
Ten Sleep,02/23/21,21:43:00,44.0342,-107.448,23.0,17.168000000000085,23.0,23.0,overcast clouds,75,100,0.41,41,0
Hood River,02/23/21,20:43:00,45.7054,-121.5215,37.004000000000055,31.712000000000057,35.00600000000003,39.00200000000008,broken clouds,87,75,1.54,45,83
Speculator,02/23/21,23:43:00,43.4975,-74.362,35.33000000000004,30.452000000000076,33.008,37.004000000000055,overcast clouds,83,86,0.89,64,99
Scranton,02/23/21,23:43:00,41.409,-75.6624,36.122000000000035,25.86200000000006,32.0,39.2,broken clouds,65,75,4.63,34,41
Enfield,02/23/21,23:43:00,-34.8526,138.6026,70.05200000000008,58.424000000000014,68.0,71.99600000000005,clear sky,40,0,8.23,39,67
Truckee,02/23/21,20:42:00,39.328,-120.1833,29.10200000000008,21.50600000000003,23.0,35.00600000000003,clear sky,68,1,2.06,0,0
La Ca√±ada Flintridge,02/23/21,20:43:00,34.1992,-118.1879,62.15,57.668000000000085,59.0,66.2,clear sky,26,1,0.18,0,0
Glens Falls,02/23/21,23:43:00,43.3095,-73.644,34.754000000000055,27.35600000000003,32.0,37.4,overcast clouds,75,90,2.57,23,79
Weston,02/23/21,06:43:00,26.1004,-80.3998,71.816,72.392,71.00600000000003,73.00400000000005,clear sky,78,1,3.6,0,0
Iron Mountain,02/23/21,20:43:00,45.8202,-88.066,34.86200000000006,26.366000000000007,33.998000000000026,35.99600000000005,light snow,64,90,3.09,0,0
Fairfield,02/23/21,20:43:00,41.2668,-73.3162,41.09000000000002,30.32600000000009,39.00200000000008,42.8,clear sky,56,1,5.14,0,0
Marquette,02/23/21,23:43:00,46.5333,-87.6335,30.65,25.412000000000056,28.994000000000074,32.0,overcast clouds,82,100,0.68,22,0
Baker City,02/23/21,20:43:00,44.7749,-117.8344,29.26400000000003,21.05600000000003,28.004000000000055,30.2,snow,69,20,2.57,41,27
Baker City,02/23/21,20:43:00,44.7749,-117.8344,29.26400000000003,21.05600000000003,28.004000000000055,30.2,snow,69,20,2.57,41,27
Gaylord,02/23/21,23:43:00,45.0275,-84.6748,32.918000000000085,26.6,32.0,33.8,light snow,75,75,1.54,0,0
Bangor,02/23/21,04:43:00,54.6534,-5.669,48.56000000000008,35.24000000000002,48.00200000000008,50.0,overcast clouds,71,100,8.75,0,0
Cornwall,02/23/21,23:43:00,45.0181,-74.7281,36.28399999999999,25.844000000000072,35.6,37.4,overcast clouds,75,90,5.14,43,52
Arrondissement du Havre,02/23/21,05:43:00,49.5833,0.3333,53.6,46.23800000000004,53.6,53.6,clear sky,76,0,5.14,0,0
Scranton,02/23/21,23:43:00,41.409,-75.6624,36.122000000000035,25.86200000000006,32.0,39.2,broken clouds,65,75,4.63,34,41
Pittsfield,02/23/21,23:43:00,42.4501,-73.2454,36.320000000000064,23.504000000000055,35.00600000000003,37.004000000000055,overcast clouds,80,90,7.2,47,69
Henryville,02/23/21,23:43:00,38.5417,-85.7677,35.63600000000007,27.464000000000034,33.008,37.99400000000007,clear sky,68,0,3.04,0,0
Caroga Lake,02/23/21,23:43:00,43.1378,-74.4813,35.87000000000006,22.874000000000013,35.6,35.99600000000005,light rain,93,90,7.72,67,86
Mariposa,02/23/21,22:43:00,37.4849,-119.9663,44.54600000000005,41.648000000000025,35.99600000000005,51.008,clear sky,82,0,0.45,0,0
Hastings,02/23/21,04:43:00,50.8552,0.5729,50.09000000000002,42.58399999999999,48.00200000000008,51.008,overcast clouds,73,100,4.47,0,0
Massanutten,02/23/21,23:43:00,38.4096,-78.7378,36.21200000000006,28.18399999999999,35.00600000000003,39.2,clear sky,56,1,2.57,0,0
Durango,02/23/21,05:42:00,24.8333,-104.8333,56.33600000000007,49.02800000000006,56.33600000000007,56.33600000000007,broken clouds,37,62,2.78,0,0
Schwenksville,02/23/21,23:43:00,40.2562,-75.4638,41.0,34.10600000000003,41.0,41.0,clear sky,56,1,2.06,0,0
Lewisberry,02/23/21,23:43:00,40.1351,-76.8597,39.092,31.802000000000078,35.00600000000003,42.8,clear sky,52,1,2.06,0,0
La Crosse,02/23/21,22:43:00,43.8014,-91.2396,37.346000000000046,30.920000000000062,35.6,39.00200000000008,clear sky,75,1,2.06,17,24
Oroville,02/23/21,20:43:00,39.5138,-121.5564,59.18000000000004,51.242,57.00200000000008,60.8,clear sky,31,1,3.09,0,0
Summerhaven,02/23/21,21:43:00,32.4448,-110.7606,54.62600000000009,47.516000000000005,51.008,59.0,clear sky,19,0,1.23,0,0
Jennerstown,02/23/21,23:43:00,40.1598,-79.0664,35.38399999999999,19.832000000000015,33.008,37.004000000000055,clear sky,80,1,9.26,10,58
Norway,02/23/21,05:43:00,45.7869,-87.9037,34.952000000000076,26.47400000000001,33.998000000000026,35.99600000000005,light snow,64,90,3.09,0,0
Rumford,02/23/21,23:43:00,44.5537,-70.5509,31.298000000000023,25.64600000000005,30.002000000000077,33.008,overcast clouds,92,100,1.35,19,82
Elkhorn,02/23/21,22:43:00,42.6728,-88.5445,35.40200000000008,26.294000000000075,35.00600000000003,35.6,clear sky,80,1,4.15,19,0
Iron River,02/23/21,21:43:00,46.0927,-88.6423,33.26000000000008,27.518000000000086,33.008,33.8,snow,75,90,1.12,16,0
Iron River,02/23/21,21:43:00,46.0927,-88.6423,33.26000000000008,27.518000000000086,33.008,33.8,snow,75,90,1.12,16,0
Waynesville,02/23/21,23:43:00,35.4887,-82.9887,43.17800000000007,36.14000000000002,42.008,44.6,clear sky,49,1,2.06,0,0
Las Vegas,02/23/21,20:43:00,36.175,-115.1372,64.058,52.10600000000003,59.0,69.8,clear sky,9,1,4.63,0,0
Casper,02/23/21,21:43:00,42.8666,-106.3131,25.898000000000025,16.591999999999995,24.998000000000026,26.6,overcast clouds,63,90,3.09,28,0
Old Forge,02/23/21,04:43:00,41.3712,-75.7349,36.122000000000035,25.86200000000006,32.0,39.2,broken clouds,65,75,4.63,0,0
Middlefield,02/23/21,04:43:00,41.462,-81.0737,34.98800000000004,30.614000000000033,33.998000000000026,35.99600000000005,overcast clouds,83,92,0.45,0,0
Camden,02/23/21,23:43:00,39.7835,-74.9663,44.6,36.248000000000026,44.6,44.6,clear sky,57,1,3.6,0,0
Southington,02/23/21,04:43:00,41.6005,-72.8783,39.50600000000003,33.13399999999999,37.004000000000055,42.8,overcast clouds,70,90,2.06,0,0
Mansfield,02/23/21,04:43:00,53.1333,-1.2,53.99600000000005,49.80200000000008,53.99600000000005,53.99600000000005,overcast clouds,89,100,3.58,0,0
Cordoba,02/23/21,01:43:00,38.0,-4.8333,39.2,36.17600000000009,39.2,39.2,clear sky,100,0,0.51,0,0
Mars Hill,02/23/21,22:43:00,35.8265,-82.5493,41.68399999999999,36.28399999999999,39.00200000000008,44.00600000000003,few clouds,55,17,0.89,0,0
White Lake,02/23/21,23:43:00,45.3668,-76.4994,35.00600000000003,26.114000000000033,33.998000000000026,35.99600000000005,broken clouds,89,76,4.23,34,43
Naples,02/23/21,05:43:00,40.8333,14.25,48.056000000000026,46.99400000000007,41.0,51.998000000000026,clear sky,100,0,0.51,0,0
Paoli,02/23/21,05:43:00,40.042,-75.4763,37.45400000000005,30.59600000000005,35.00600000000003,41.0,clear sky,65,1,2.06,0,0
Zanesfield,02/23/21,23:43:00,40.3384,-83.6772,33.71000000000008,24.062000000000058,32.0,35.6,clear sky,87,1,4.63,0,0
Thompsonville,02/23/21,23:43:00,41.997,-72.599,39.668000000000085,29.42600000000009,39.00200000000008,41.0,overcast clouds,70,90,5.14,0,0
Westford,02/23/21,23:43:00,42.5793,-71.4378,35.27600000000009,25.988000000000046,33.008,37.99400000000007,scattered clouds,75,40,4.12,0,52
Keene,02/23/21,23:43:00,42.9337,-72.2781,32.57600000000009,26.491999999999997,32.0,33.998000000000026,overcast clouds,100,90,2.06,18,27
Harrisonburg,02/23/21,23:43:00,38.4496,-78.8689,36.35600000000003,28.328000000000067,35.00600000000003,39.2,clear sky,56,1,2.57,0,0
East Madison,02/23/21,23:43:00,43.8606,-71.0881,34.86200000000006,28.52600000000009,33.998000000000026,35.6,overcast clouds,69,90,1.54,8,47
Clarkston,02/23/21,04:43:00,33.8096,-84.2396,47.67800000000007,42.62000000000006,44.6,51.998000000000026,clear sky,65,1,1.74,0,0
Los Alamos,02/23/21,21:43:00,35.8881,-106.307,36.96800000000009,28.760000000000083,33.008,42.8,clear sky,36,1,2.06,0,0
Los Alamos,02/23/21,21:43:00,35.8881,-106.307,36.96800000000009,28.760000000000083,33.008,42.8,clear sky,36,1,2.06,0,0
Hancock,02/23/21,23:43:00,41.0167,-83.6666,34.772000000000034,24.98000000000004,32.0,35.99600000000005,clear sky,80,1,4.63,8,41
Cambridge Springs,02/23/21,23:43:00,41.8037,-80.0564,34.28600000000007,25.88000000000004,33.998000000000026,35.00600000000003,overcast clouds,83,98,3.58,38,67
White River Junction,02/23/21,23:43:00,43.649,-72.3193,33.8,26.438000000000045,30.991999999999997,37.4,overcast clouds,70,90,2.29,32,71
Wrightwood,02/23/21,20:43:00,34.3608,-117.6334,48.14600000000005,42.728000000000065,41.0,55.004000000000055,scattered clouds,51,31,1.34,0,0
Eureka,02/23/21,20:43:00,40.8021,-124.1637,45.391999999999996,39.77600000000009,42.008,48.00200000000008,clear sky,81,0,2.68,0,0
Brighton,02/23/21,04:43:00,50.8284,-0.1395,50.99000000000002,45.62600000000009,50.0,51.998000000000026,overcast clouds,84,100,3.58,0,0
Warwick,02/23/21,23:43:00,41.7001,-71.4162,38.19199999999999,32.162000000000056,37.4,39.2,broken clouds,81,75,2.06,0,0
Wild Rose,02/23/21,22:43:00,44.1786,-89.249,36.266000000000005,27.01400000000003,33.998000000000026,37.4,overcast clouds,70,90,4.02,8,27
Boone,02/23/21,23:43:00,39.0334,-92.3335,51.51200000000006,43.43000000000004,51.008,51.8,clear sky,46,1,3.51,0,0
Gatlinburg,02/23/21,23:43:00,35.7143,-83.5102,39.72200000000004,34.25,35.99600000000005,42.008,clear sky,81,1,1.79,0,0
Wilmot,02/23/21,15:44:00,43.4517,-71.9137,32.846000000000046,28.13000000000004,30.991999999999997,33.998000000000026,broken clouds,96,63,0.89,0,0
Fairbanks,02/23/21,19:44:00,64.8378,-147.7164,1.1480000000000246,-6.051999999999978,-0.003999999999948045,3.002000000000077,light snow,71,90,0.53,20,0
Fairbanks,02/23/21,19:44:00,64.8378,-147.7164,1.1480000000000246,-6.051999999999978,-0.003999999999948045,3.002000000000077,light snow,71,90,0.53,20,0
Bellaire,02/23/21,22:43:00,29.7058,-95.4588,59.95400000000005,50.95400000000005,57.992,62.00600000000003,broken clouds,82,75,8.23,0,0
Anchorage,02/23/21,19:42:00,61.2181,-149.9003,15.674000000000014,7.754000000000055,15.008000000000003,17.99600000000005,overcast clouds,67,90,1.54,0,0
Andalusia,02/23/21,06:44:00,31.3085,-86.4833,52.28600000000007,47.55200000000008,48.00200000000008,55.4,clear sky,50,1,1.19,0,0
Farmington,02/23/21,23:44:00,36.7281,-108.2187,42.008,32.702000000000076,41.0,42.998000000000026,clear sky,45,1,3.6,0,0
Salmo,02/23/21,20:44:00,49.1999,-117.2689,32.0,27.05,32.0,32.0,overcast clouds,80,100,0.51,0,0
Weston,02/23/21,06:43:00,26.1004,-80.3998,71.816,72.392,71.00600000000003,73.00400000000005,clear sky,78,1,3.6,0,0
Weston,02/23/21,06:43:00,26.1004,-80.3998,71.816,72.392,71.00600000000003,73.00400000000005,clear sky,78,1,3.6,0,0
Sheridan,02/23/21,21:44:00,44.8333,-106.9173,27.53600000000007,16.664000000000033,26.6,28.994000000000074,clear sky,50,1,4.12,39,0
Taylors Falls,02/23/21,22:44:00,45.4019,-92.6525,35.06000000000008,27.140000000000022,33.998000000000026,35.99600000000005,light snow,93,90,3.6,27,75
Kimball,02/23/21,20:44:00,41.2,-103.7172,30.2,18.35600000000003,30.2,30.2,overcast clouds,74,90,5.66,0,0
Gaylord,02/23/21,23:43:00,45.0275,-84.6748,32.918000000000085,26.6,32.0,33.8,light snow,75,75,1.54,0,0
Auburn,02/23/21,22:44:00,47.3073,-122.2284,36.860000000000085,30.83000000000004,33.008,39.992,light rain,100,90,2.57,0,0
Sioux Falls,02/23/21,22:44:00,43.55,-96.7003,38.73200000000001,31.19000000000002,37.99400000000007,39.2,few clouds,75,20,3.09,0,0
Hanover,02/23/21,05:44:00,52.3705,9.7332,52.17800000000007,47.73200000000001,51.008,53.00600000000003,clear sky,76,0,2.57,0,0
Manchester,02/23/21,04:44:00,53.4809,-2.2374,53.34800000000003,47.48000000000004,51.998000000000026,53.99600000000005,light rain,87,90,4.63,0,0
Elko,02/23/21,20:44:00,41.0002,-115.5012,30.794000000000075,20.678000000000065,28.994000000000074,33.8,clear sky,47,1,3.6,0,0
Slinger,02/23/21,22:44:00,43.3336,-88.2862,36.788000000000046,30.182000000000016,35.99600000000005,37.004000000000055,overcast clouds,78,100,2.24,0,23
Duluth,02/23/21,22:43:00,46.7833,-92.1066,34.556000000000026,27.140000000000022,32.0,37.4,light snow,75,90,2.57,24,23
Kalispell,02/23/21,21:44:00,48.1958,-114.3129,27.554000000000052,21.14600000000005,26.6,28.004000000000055,few clouds,68,20,1.01,33,58
Otis,02/23/21,00:44:00,42.1932,-73.0918,35.041999999999994,29.678000000000065,33.998000000000026,35.99600000000005,overcast clouds,86,86,1.34,21,0
Libby,02/23/21,12:44:00,48.3883,-115.556,28.382000000000016,22.946000000000048,26.99600000000005,30.2,clear sky,80,1,0.58,0,0
Libby,02/23/21,12:44:00,48.3883,-115.556,28.382000000000016,22.946000000000048,26.99600000000005,30.2,clear sky,80,1,0.58,0,0
Walhalla,02/23/21,15:44:00,34.7648,-83.064,45.71600000000001,38.641999999999996,39.00200000000008,51.998000000000026,clear sky,40,1,1.87,0,0
Morris,02/23/21,23:44:00,40.8334,-74.5329,38.498000000000026,27.212000000000057,37.004000000000055,41.0,clear sky,65,1,5.66,0,0
Silverton,02/23/21,15:14:00,45.0051,-122.7832,40.04600000000005,34.898000000000025,37.99400000000007,42.008,overcast clouds,75,99,1.34,0,0
Allentown,02/23/21,23:43:00,40.6084,-75.4902,40.694000000000074,32.288000000000046,39.992,41.0,clear sky,65,1,3.6,0,0
Traverse City,02/23/21,23:44:00,44.7631,-85.6206,36.01400000000003,27.89600000000005,32.0,39.2,overcast clouds,70,90,3.09,34,70
Steamboat Springs,02/23/21,21:42:00,40.485,-106.8317,22.244000000000074,14.144000000000073,12.2,26.6,overcast clouds,43,90,1.54,28,0
Kewaskum,02/23/21,22:44:00,43.5208,-88.229,36.518000000000086,30.50600000000003,35.6,37.004000000000055,overcast clouds,87,90,2.06,31,90
Lee,02/23/21,23:44:00,26.567,-81.8831,67.06400000000004,69.08000000000004,64.99400000000007,69.00800000000001,clear sky,88,1,2.06,0,0
Dresser,02/23/21,20:44:00,45.3561,-92.6335,35.15,27.248000000000026,33.998000000000026,35.99600000000005,light snow,93,90,3.6,0,0
Chesterland,02/23/21,23:44:00,41.5223,-81.3379,37.59800000000003,28.382000000000016,35.99600000000005,39.2,clear sky,70,1,4.12,8,0
Idaho Springs,02/23/21,21:44:00,39.7425,-105.5136,30.11000000000008,-0.615999999999957,10.399999999999999,39.992,clear sky,52,1,20.06,9,0
Bloomington,02/23/21,22:44:00,44.8408,-93.2983,35.20400000000005,28.508000000000003,33.998000000000026,35.99600000000005,broken clouds,75,75,2.06,20,0
Scranton,02/23/21,23:43:00,41.409,-75.6624,36.122000000000035,25.86200000000006,32.0,39.2,broken clouds,65,75,4.63,34,41
Greenwich,02/23/21,23:44:00,41.0265,-73.6285,40.29800000000002,28.85,39.2,41.0,broken clouds,70,75,6.17,0,0
Wisconsin Dells,02/23/21,22:44:00,43.6275,-89.771,36.932000000000016,29.156000000000027,35.6,37.99400000000007,broken clouds,75,75,3.09,0,21
Campton,02/23/21,04:44:00,37.7342,-83.5474,41.57600000000009,34.86200000000006,35.00600000000003,48.2,clear sky,46,1,1.54,0,0
Lewiston,02/23/21,23:44:00,44.1003,-70.2148,29.858000000000004,23.99000000000002,28.4,33.008,overcast clouds,93,90,1.4,0,55
Harrison,02/23/21,23:44:00,30.4091,-89.0436,49.11800000000009,44.69000000000002,46.4,51.008,clear sky,87,1,2.67,0,0
Plymouth,02/23/21,04:44:00,41.8334,-70.8328,35.978000000000065,25.7,33.998000000000026,37.99400000000007,clear sky,80,1,5.14,0,0
Greenfield,02/23/21,22:44:00,42.9614,-88.0126,36.30200000000008,29.10200000000008,35.00600000000003,37.99400000000007,overcast clouds,75,90,2.57,0,0
Clymer,02/23/21,23:44:00,40.6681,-79.0117,34.483999999999995,27.89600000000005,33.008,37.004000000000055,clear sky,80,1,2.06,26,95
Hubertus,02/23/21,05:44:00,52.2309,11.7986,46.47200000000004,43.772000000000034,46.004000000000055,46.99400000000007,few clouds,88,11,0.89,0,0
Detroit Lakes,02/23/21,22:44:00,46.8172,-95.8453,30.11000000000008,17.833999999999993,30.002000000000077,30.2,snow,100,90,6.69,36,0
Mahwah,02/23/21,10:14:00,27.05,76.9333,80.56400000000004,73.79600000000005,80.56400000000004,80.56400000000004,clear sky,15,0,2.17,0,0
Lewiston,02/23/21,23:44:00,44.1003,-70.2148,29.858000000000004,23.99000000000002,28.4,33.008,overcast clouds,93,90,1.4,0,55
Bangor,02/23/21,04:44:00,54.6534,-5.669,48.56000000000008,35.24000000000002,48.00200000000008,50.0,overcast clouds,71,100,8.75,0,0
Colebrook,02/23/21,15:44:00,44.8945,-71.4959,30.05600000000003,23.39600000000005,28.994000000000074,30.991999999999997,light snow,93,90,2.05,0,0
Utica,02/23/21,23:44:00,43.1009,-75.2327,35.99600000000005,26.672000000000036,35.00600000000003,37.004000000000055,overcast clouds,69,100,4.02,82,99
Kingston,02/23/21,23:44:00,17.997,-76.7936,74.28200000000001,77.21600000000001,69.99800000000002,78.8,few clouds,78,20,2.57,0,0
Buffalo,02/23/21,23:44:00,42.8865,-78.8784,35.90600000000003,23.666000000000007,35.00600000000003,37.004000000000055,broken clouds,80,75,6.69,25,66
Nisswa,02/23/21,22:44:00,46.5205,-94.2886,31.838000000000044,24.494000000000074,30.991999999999997,33.8,light snow,86,90,2.57,33,0
Jackson,02/23/21,23:42:00,42.4165,-122.8345,40.748000000000026,34.898000000000025,39.00200000000008,44.6,overcast clouds,53,90,1.09,0,0
Tupper Lake,02/23/21,23:44:00,44.2239,-74.4641,33.008,24.728000000000065,33.008,33.008,light snow,76,100,3.13,82,99
Minneapolis,02/23/21,22:44:00,44.98,-93.2638,35.582000000000015,28.922000000000036,35.00600000000003,35.99600000000005,broken clouds,75,75,2.06,9,0
Shrewsbury,02/23/21,04:44:00,52.7101,-2.7521,53.564000000000036,43.80800000000001,51.998000000000026,55.004000000000055,broken clouds,94,75,8.23,0,0
Baraboo,02/23/21,22:44:00,43.4711,-89.7443,36.23000000000004,28.364000000000033,35.6,37.4,broken clouds,75,75,3.09,0,0
Blakeslee,02/23/21,23:44:00,41.5242,-84.7302,32.702000000000076,27.068000000000087,30.991999999999997,33.998000000000026,overcast clouds,87,100,1.34,0,0
Davis,02/23/21,20:44:00,41.0005,-112.0013,31.55,23.720000000000063,30.002000000000077,33.998000000000026,clear sky,55,1,2.06,0,0
Kimberly,02/23/21,14:44:00,44.2722,-88.339,35.438000000000045,29.174000000000014,33.998000000000026,35.99600000000005,broken clouds,69,75,1.54,0,0
Ontonagon,02/23/21,23:44:00,46.8711,-89.314,31.910000000000082,26.582000000000015,30.002000000000077,33.998000000000026,light snow,83,100,0.89,16,55
Woodbury,02/23/21,22:44:00,42.3833,-96.0336,40.40600000000003,32.46800000000009,39.2,42.008,clear sky,75,1,3.6,9,0
Lakeview,02/23/21,04:44:00,42.432,-75.8655,35.47400000000001,29.732000000000017,33.998000000000026,37.004000000000055,overcast clouds,89,97,1.79,0,0
Upson,02/23/21,22:44:00,46.3688,-90.4071,34.43000000000004,29.3,32.0,37.4,snow,80,90,0.9,21,33
Ironwood,02/23/21,22:44:00,46.4547,-90.171,31.55,26.204000000000054,30.991999999999997,32.0,snow,80,90,0.79,42,99
Province of Turin,02/23/21,23:44:00,45.1333,7.3667,45.104000000000056,39.84800000000003,42.8,46.004000000000055,clear sky,75,0,2.06,0,0
Wakefield,02/23/21,04:44:00,53.6809,-1.499,55.22000000000006,50.918000000000085,55.004000000000055,55.99400000000007,overcast clouds,84,100,3.58,0,0
Somerset,02/23/21,06:44:00,40.5668,-74.5496,42.242,34.84400000000007,41.0,42.8,clear sky,56,1,2.57,0,0
Cloudcroft,02/23/21,21:44:00,32.9577,-105.7427,51.49400000000007,36.08600000000007,48.992,55.99400000000007,clear sky,5,0,6.82,0,0
Greer,02/23/21,23:44:00,34.9387,-82.2271,45.194000000000074,38.66000000000008,42.008,50.0,clear sky,43,1,1.54,0,0
Bottineau,02/23/21,22:44:00,48.8272,-100.4457,23.0,17.18600000000007,23.0,23.0,broken clouds,78,71,0.45,38,0
Coudersport,02/23/21,23:44:00,41.7748,-78.0206,33.65600000000003,24.368000000000087,33.008,33.998000000000026,overcast clouds,80,90,4.12,72,87
Summit Park,02/23/21,23:44:00,40.7458,-111.6116,28.994000000000074,23.09000000000002,28.004000000000055,30.002000000000077,clear sky,58,0,0.45,0,0
Warrensburg,02/23/21,22:44:00,38.7628,-93.7361,45.75200000000008,40.15400000000005,44.00600000000003,48.00200000000008,clear sky,57,1,1.54,0,0
Fabius,02/23/21,22:44:00,41.9106,-85.7217,35.168000000000085,27.374000000000013,33.8,35.99600000000005,clear sky,80,1,3.09,0,0
Holly,02/23/21,23:44:00,42.792,-83.6277,35.65400000000005,26.81600000000001,35.00600000000003,35.99600000000005,overcast clouds,83,100,4.06,0,0
Sussex,02/23/21,22:44:00,41.1834,-74.6663,39.86600000000001,28.31000000000008,37.004000000000055,42.8,clear sky,56,1,5.66,9,0
Bartlett,02/23/21,22:44:00,35.2045,-89.874,54.14000000000002,46.97600000000009,51.998000000000026,55.99400000000007,clear sky,54,1,3.6,0,0
Silverton,02/23/21,15:14:00,45.0051,-122.7832,40.04600000000005,34.898000000000025,37.99400000000007,42.008,overcast clouds,75,99,1.34,0,0
Park City,02/23/21,12:42:00,42.3484,-87.8842,39.2,31.478000000000065,39.2,39.2,scattered clouds,70,40,3.09,0,0
Red Lodge,02/23/21,04:44:00,45.1858,-109.2468,25.448000000000025,14.522000000000038,21.2,28.994000000000074,clear sky,53,1,4.12,0,0
East Rutherford,02/23/21,23:44:00,40.834,-74.0971,43.64600000000005,36.03200000000002,42.8,44.6,overcast clouds,61,90,3.1,0,0
Red Wing,02/23/21,22:44:00,44.5625,-92.5338,36.23000000000004,29.10200000000008,35.00600000000003,37.99400000000007,overcast clouds,80,90,2.67,8,21
Farmington,02/23/21,23:44:00,36.7281,-108.2187,42.008,32.702000000000076,41.0,42.998000000000026,clear sky,45,1,3.6,0,0
Pylos,02/23/21,06:44:00,36.9134,21.6964,44.54600000000005,40.17200000000004,37.4,51.008,clear sky,93,0,2.14,0,0
Fort Kent,02/23/21,21:44:00,47.2587,-68.5895,28.706000000000028,21.452000000000076,26.6,30.2,overcast clouds,80,90,2.06,28,0
New Hartford,02/23/21,23:44:00,43.0734,-75.2877,36.42800000000007,31.82000000000006,35.00600000000003,37.99400000000007,overcast clouds,86,100,0.89,56,95
Dubuque,02/23/21,22:44:00,42.4833,-90.8668,39.65,28.994000000000074,37.4,41.0,clear sky,75,1,5.66,0,0
Boone,02/23/21,23:43:00,39.0334,-92.3335,51.51200000000006,43.43000000000004,51.008,51.8,clear sky,46,1,3.51,0,0
Springfield,02/23/21,23:44:00,37.2153,-93.2982,54.82400000000001,44.312000000000054,53.99600000000005,55.4,clear sky,44,1,5.66,0,0
Rice Lake,02/23/21,22:44:00,45.5061,-91.7382,33.22400000000001,26.222000000000037,32.0,33.8,light snow,93,90,2.65,36,78
Enterprise,02/23/21,22:44:00,36.0252,-115.2419,62.168000000000085,52.32200000000004,59.0,66.99199999999999,scattered clouds,11,40,3.09,0,0
Port Angeles,02/23/21,20:44:00,48.1181,-123.4307,38.96600000000001,24.314000000000032,35.99600000000005,42.8,overcast clouds,61,90,8.23,44,76
Hailey,02/23/21,23:44:00,43.5196,-114.3153,24.8,16.358000000000004,24.8,24.8,clear sky,50,1,2.06,57,76
Susanville,02/23/21,20:44:00,40.4163,-120.653,34.46600000000001,25.412000000000056,33.008,35.6,clear sky,51,1,3.09,0,0
Grangeville,02/23/21,20:44:00,45.9266,-116.1224,26.27600000000009,16.754000000000055,19.994000000000074,28.994000000000074,snow,100,75,4.12,0,0
Boston,02/23/21,23:43:00,42.3584,-71.0598,36.75200000000008,24.404000000000053,35.00600000000003,37.99400000000007,few clouds,75,20,6.69,0,58
Mount Horeb,02/23/21,23:44:00,43.0086,-89.7385,36.733999999999995,29.588000000000044,35.00600000000003,37.99400000000007,scattered clouds,75,40,2.57,0,0
Grand Haven,02/23/21,23:44:00,43.0631,-86.2284,36.320000000000064,28.72400000000001,35.00600000000003,37.4,overcast clouds,81,90,3.09,20,33
Hot Springs,02/23/21,22:44:00,34.5037,-93.0552,60.26000000000008,54.59000000000002,57.00200000000008,62.6,clear sky,39,1,2.06,0,0
Rock Hill,02/23/21,23:44:00,34.9249,-81.0251,42.188000000000045,37.72400000000001,41.0,44.00600000000003,clear sky,81,1,1.31,0,0
Glen Arbor,02/23/21,23:44:00,44.8975,-85.9854,35.69000000000002,28.4,32.0,39.2,overcast clouds,75,90,2.57,0,37
Cazenovia,02/23/21,22:44:00,42.9301,-75.8527,37.25600000000003,30.002000000000077,35.99600000000005,39.00200000000008,overcast clouds,87,100,3.13,0,0
Williams Lake,02/23/21,20:44:00,52.1415,-122.1445,24.35,16.664000000000033,24.008000000000003,24.8,scattered clouds,80,40,2.06,32,51
Boalsburg,02/23/21,23:44:00,40.7756,-77.7925,37.67000000000006,26.941999999999997,35.99600000000005,39.2,broken clouds,65,75,5.14,9,0
Boston,02/23/21,23:43:00,42.3584,-71.0598,36.75200000000008,24.404000000000053,35.00600000000003,37.99400000000007,few clouds,75,20,6.69,0,58
Birchwood,02/23/21,17:44:00,45.0611,-92.9761,35.438000000000045,30.956000000000028,35.00600000000003,35.99600000000005,broken clouds,80,75,0.49,0,0
Patterson,02/23/21,20:44:00,37.4716,-121.1297,55.70600000000003,46.958000000000006,53.99600000000005,57.2,clear sky,33,1,3.58,0,0
Gobles,02/23/21,23:44:00,42.3609,-85.8795,36.28399999999999,32.21600000000001,35.99600000000005,37.004000000000055,overcast clouds,86,100,0.45,0,0
Superior,02/23/21,22:44:00,46.7208,-92.1041,34.12400000000001,26.906000000000027,32.0,37.4,light snow,93,90,2.93,12,26
Mandan,02/23/21,22:44:00,46.8267,-100.8896,29.083999999999993,21.218000000000085,28.4,30.2,overcast clouds,100,90,3.09,40,0
Westernville,02/23/21,23:44:00,43.3056,-75.383,36.194000000000074,28.31000000000008,33.998000000000026,37.99400000000007,overcast clouds,75,90,3.09,82,99
Williamstown,02/23/21,23:44:00,39.6862,-74.9952,42.62000000000006,33.8,39.00200000000008,44.6,few clouds,53,20,3.6,0,0
Friendship,02/23/21,01:44:00,43.9837,-69.3339,32.306000000000026,25.52000000000006,30.991999999999997,33.998000000000026,broken clouds,93,75,2.38,0,0
Dubuque,02/23/21,22:44:00,42.4833,-90.8668,39.65,28.994000000000074,37.4,41.0,clear sky,75,1,5.66,0,0
Lyndon,02/23/21,23:44:00,38.2567,-85.6016,39.128000000000064,30.97400000000001,35.00600000000003,44.6,clear sky,56,1,2.9,0,0
Alexandria,02/23/21,06:44:00,31.2156,29.9553,59.0,52.088000000000044,59.0,59.0,scattered clouds,67,40,5.14,0,0
Alexandria,02/23/21,06:44:00,31.2156,29.9553,59.0,52.088000000000044,59.0,59.0,scattered clouds,67,40,5.14,0,0
Lebanon,02/23/21,06:44:00,36.2081,-86.2911,44.90600000000003,37.86800000000009,41.0,51.008,clear sky,75,1,3.45,0,0
Lake City,02/23/21,23:44:00,30.1897,-82.6393,44.6,41.432000000000016,44.6,44.6,clear sky,93,1,1.18,0,0
Fort McCoy,02/23/21,23:44:00,29.365,-81.967,50.360000000000085,46.99400000000007,50.0,51.008,clear sky,87,1,2.06,0,0
Allentown,02/23/21,23:43:00,40.6084,-75.4902,40.694000000000074,32.288000000000046,39.992,41.0,clear sky,65,1,3.6,0,0
Black River Falls,02/23/21,08:44:00,44.2947,-90.8515,34.50200000000008,27.374000000000013,33.8,35.00600000000003,light rain,86,90,2.68,0,0
Cleveland,02/23/21,23:44:00,41.4995,-81.6954,38.354000000000056,27.05,35.99600000000005,41.0,clear sky,65,1,5.66,8,0
Grand Rapids,02/23/21,23:44:00,42.9634,-85.6681,36.05,27.73399999999999,35.00600000000003,37.99400000000007,overcast clouds,80,90,3.6,0,0
Chelan,02/23/21,09:14:00,47.8832,-120.6345,30.452000000000076,23.54000000000002,28.004000000000055,35.00600000000003,few clouds,100,22,2.47,9,0
Franklin,02/23/21,22:44:00,39.9667,-83.0166,31.891999999999996,25.86200000000006,30.002000000000077,33.998000000000026,clear sky,86,1,1.54,0,0
Rhinelander,02/23/21,22:44:00,45.6366,-89.4121,33.62000000000006,27.80600000000003,33.008,33.998000000000026,snow,86,90,1.54,42,94
Wabasha,02/23/21,22:44:00,44.3839,-92.0329,36.518000000000086,29.33600000000007,35.00600000000003,37.004000000000055,overcast clouds,78,100,2.68,9,29
Jones,02/23/21,22:44:00,16.5571,121.7029,82.43600000000006,90.57200000000003,82.43600000000006,82.43600000000006,scattered clouds,76,37,1.35,0,0
Bemidji,02/23/21,22:44:00,47.4736,-94.8803,30.074000000000012,19.07600000000009,30.002000000000077,30.2,light snow,80,90,5.14,31,31
Omaha,02/23/21,22:44:00,41.2586,-95.9378,42.188000000000045,32.233999999999995,39.00200000000008,44.6,overcast clouds,70,90,5.19,0,0
Lake Geneva,02/23/21,05:44:00,42.5917,-88.4334,36.518000000000086,27.698000000000025,35.6,37.004000000000055,overcast clouds,80,97,4.05,0,0
Cleveland,02/23/21,23:44:00,41.4995,-81.6954,38.354000000000056,27.05,35.99600000000005,41.0,clear sky,65,1,5.66,8,0
West Chazy,02/23/21,05:44:00,44.8206,-73.5071,35.924000000000014,28.832000000000015,33.998000000000026,37.99400000000007,light rain,93,90,3.05,0,0
Livermore Falls,02/23/21,23:44:00,44.4753,-70.1881,31.13600000000007,25.52000000000006,30.002000000000077,33.008,overcast clouds,86,100,1.13,19,72
Watertown,02/23/21,23:44:00,42.3709,-71.1828,36.77000000000006,27.662000000000056,35.00600000000003,37.99400000000007,scattered clouds,75,40,4.12,0,58
Ancram,02/23/21,23:44:00,42.0506,-73.6362,36.64400000000008,31.478000000000065,35.00600000000003,37.99400000000007,scattered clouds,88,32,1.44,0,57
Indian Lake,02/23/21,23:44:00,26.0892,-97.5025,68.12600000000009,68.18000000000004,66.2,69.00800000000001,broken clouds,94,75,4.63,10,26
Rotterdam,02/23/21,05:44:00,51.9225,4.4792,53.312000000000054,45.23000000000004,51.008,55.004000000000055,overcast clouds,76,89,5.66,0,0
Moultonborough,02/23/21,23:44:00,43.7548,-71.3967,32.48600000000007,26.40200000000008,32.0,33.998000000000026,overcast clouds,91,98,1.79,57,90
West Bend,02/23/21,22:44:00,43.4253,-88.1834,36.842,26.618000000000087,35.99600000000005,37.004000000000055,overcast clouds,77,100,5.09,8,24
La Ca√±ada Flintridge,02/23/21,20:43:00,34.1992,-118.1879,62.15,57.668000000000085,59.0,66.2,clear sky,26,1,0.18,0,0
East Corinth,02/23/21,23:44:00,44.064,-72.2223,31.946000000000048,23.738000000000046,30.991999999999997,33.008,broken clouds,50,83,2.24,39,88
McCall,02/23/21,21:42:00,44.911,-116.0987,21.2,13.082000000000015,21.2,21.2,light snow,68,40,1.98,79,98
Burlington,02/23/21,23:42:00,39.8835,-74.6413,43.39400000000008,31.874000000000013,42.8,44.6,few clouds,61,20,6.17,24,0
Saranac Lake,02/23/21,23:44:00,44.3295,-74.1313,31.604000000000052,22.532000000000018,30.002000000000077,33.008,light snow,93,90,4.12,95,99
Pittsfield,02/23/21,23:43:00,42.4501,-73.2454,36.320000000000064,23.504000000000055,35.00600000000003,37.004000000000055,overcast clouds,80,90,7.2,47,69
Johnsville,02/23/21,23:44:00,32.146,-98.0261,63.464000000000034,59.360000000000085,62.99600000000005,64.4,clear sky,59,1,3.09,0,0
Presque Isle,02/23/21,23:44:00,46.6811,-68.0159,28.65200000000008,23.81000000000008,28.004000000000055,30.2,few clouds,93,20,0.46,82,99
Wenatchee,02/23/21,20:44:00,47.4235,-120.3103,34.772000000000034,27.104000000000052,33.8,37.004000000000055,clear sky,80,1,2.95,19,53
Rochester,02/23/21,23:43:00,43.1548,-77.6156,37.86800000000009,25.682000000000016,37.004000000000055,39.00200000000008,broken clouds,75,75,6.69,25,0
Skowhegan,02/23/21,23:44:00,44.7651,-69.7192,30.308000000000003,25.160000000000082,30.002000000000077,30.991999999999997,overcast clouds,96,100,0.95,8,47
Rockford,02/23/21,22:44:00,42.2711,-89.094,37.22000000000006,28.18399999999999,35.99600000000005,37.99400000000007,broken clouds,75,75,4.12,0,0
Anchorage,02/23/21,19:42:00,61.2181,-149.9003,15.674000000000014,7.754000000000055,15.008000000000003,17.99600000000005,overcast clouds,67,90,1.54,0,0
Bryant,02/23/21,22:44:00,34.5959,-92.4891,55.36400000000003,52.556000000000026,53.00600000000003,57.00200000000008,broken clouds,56,51,0.45,0,0
Grayling,02/23/21,23:45:00,44.6614,-84.7148,30.236000000000068,23.791999999999994,28.004000000000055,33.008,light snow,93,90,1.89,40,65
Brattleboro,02/23/21,23:45:00,42.8509,-72.5579,35.06000000000008,29.768000000000086,33.008,39.00200000000008,broken clouds,74,71,0.89,10,53
Bakersfield,02/23/21,20:45:00,35.3733,-119.0187,58.24400000000007,52.141999999999996,55.99400000000007,60.998000000000026,clear sky,44,1,2.57,0,0
Easton,02/23/21,23:45:00,40.6884,-75.2207,40.622000000000035,30.65,39.992,41.0,clear sky,60,1,4.63,0,0
North Bend,02/23/21,20:43:00,43.4065,-124.2243,43.64600000000005,36.55400000000005,42.008,44.6,overcast clouds,81,90,3.6,0,0
Fairbanks,02/23/21,19:44:00,64.8378,-147.7164,1.1480000000000246,-6.051999999999978,-0.003999999999948045,3.002000000000077,light snow,71,90,0.53,20,0
Newport,02/23/21,23:45:00,51.5877,-2.9984,53.22200000000004,51.15200000000008,51.008,55.99400000000007,overcast clouds,90,100,1.79,0,0
Walloon Lake,02/23/21,23:45:00,45.2661,-84.9337,30.90200000000008,23.68399999999999,30.002000000000077,32.0,overcast clouds,93,90,2.57,29,54
Lancaster,02/23/21,20:45:00,40.2504,-76.2499,37.18399999999999,25.82600000000009,35.00600000000003,42.8,clear sky,52,1,5.14,0,0
Green Bay,02/23/21,22:45:00,44.5192,-88.0198,35.76200000000006,30.541999999999994,35.00600000000003,35.99600000000005,overcast clouds,93,90,1.54,17,33
Middleton,02/23/21,04:45:00,53.55,-2.2,52.05200000000008,47.80400000000005,50.0,53.99600000000005,overcast clouds,95,100,3.58,0,0
Arpin,02/23/21,22:45:00,44.5405,-90.0351,36.55400000000005,29.588000000000044,35.6,37.004000000000055,overcast clouds,80,90,2.57,9,33
Pittsburgh,02/23/21,23:45:00,40.4406,-79.9959,35.852000000000075,25.988000000000046,32.0,37.99400000000007,clear sky,75,1,4.63,0,0
Lisle,02/23/21,22:45:00,41.8011,-88.0748,38.60600000000003,28.094000000000072,37.4,39.992,few clouds,81,20,5.66,0,0
Milwaukee,02/23/21,22:45:00,43.0006,-87.9668,36.266000000000005,29.048000000000023,35.00600000000003,37.99400000000007,overcast clouds,75,90,2.57,0,0
Leavenworth,02/23/21,22:45:00,39.2333,-95.0336,46.77800000000006,37.61600000000001,35.6,50.0,clear sky,50,1,4.12,0,0
Callicoon,02/23/21,23:45:00,41.7673,-75.0563,35.18600000000007,26.09600000000005,35.00600000000003,35.6,overcast clouds,80,90,4.12,41,59
Cleveland,02/23/21,23:45:00,41.4995,-81.6954,38.354000000000056,27.05,35.99600000000005,41.0,clear sky,65,1,5.66,8,0
Stevens Point,02/23/21,22:45:00,44.5236,-89.5746,35.168000000000085,29.210000000000083,33.8,35.99600000000005,light snow,93,90,2.06,18,18
Fayetteville,02/23/21,23:45:00,35.0527,-78.8784,46.16600000000001,40.19000000000002,42.8,51.008,clear sky,81,1,3.09,0,0
Fort Payne,02/23/21,22:45:00,34.4442,-85.7197,44.65400000000005,40.33399999999999,39.2,51.008,clear sky,81,1,1.54,0,0
Greenland,02/23/21,01:45:00,43.0362,-70.8328,34.070000000000064,23.738000000000046,32.0,35.99600000000005,broken clouds,86,75,5.18,0,0
Gladstone,02/23/21,14:45:00,-23.85,151.25,86.0,83.93000000000004,86.0,86.0,light rain,54,40,6.69,0,0
Ishpeming,02/23/21,23:45:00,46.4885,-87.6676,30.632000000000016,26.204000000000054,28.994000000000074,32.0,overcast clouds,99,100,0.49,17,51
Lamoille,02/23/21,22:45:00,40.728,-115.4784,30.722000000000037,20.60600000000003,28.994000000000074,33.8,clear sky,47,1,3.6,0,0
Mazama,02/23/21,23:45:00,48.5921,-120.404,28.18399999999999,20.3,26.99600000000005,30.002000000000077,scattered clouds,86,40,2.66,0,0
South Berwick,02/23/21,23:45:00,43.2345,-70.8095,33.83600000000007,24.890000000000022,32.0,35.6,overcast clouds,80,90,3.87,0,45
Florence,02/23/21,05:45:00,43.7667,11.25,44.88800000000005,42.35,41.0,48.992,clear sky,100,0,1.07,0,0
Valdez,02/23/21,23:45:00,1.2492,-78.9831,78.94400000000007,86.558,78.94400000000007,78.94400000000007,overcast clouds,79,100,0.78,0,0
Highland,02/23/21,21:42:00,34.1283,-117.2086,55.36400000000003,48.61400000000003,44.00600000000003,64.4,clear sky,27,1,1.54,0,0
Whitefish,02/23/21,22:45:00,48.4111,-114.3376,27.194000000000074,21.812000000000058,26.6,28.004000000000055,few clouds,68,20,0.17,11,28
Petoskey,02/23/21,23:45:00,45.3733,-84.9553,30.866000000000007,23.648000000000025,30.002000000000077,32.0,overcast clouds,93,90,2.57,44,80
Cottonwood,02/23/21,21:45:00,34.7392,-112.0099,53.76200000000006,46.92200000000004,50.0,55.99400000000007,broken clouds,25,66,1.38,28,0
Plymouth,02/23/21,04:44:00,41.8334,-70.8328,35.978000000000065,25.7,33.998000000000026,37.99400000000007,clear sky,80,1,5.14,0,0
Ghent,02/23/21,05:45:00,51.05,3.7167,53.72600000000009,50.791999999999994,51.998000000000026,55.004000000000055,few clouds,78,24,1.79,0,0
New Braunfels,02/23/21,22:45:00,29.703,-98.1245,62.90600000000003,55.49000000000002,62.00600000000003,64.4,broken clouds,82,75,7.72,0,0
Chestertown,02/23/21,23:45:00,39.209,-76.0666,42.008,33.02600000000009,42.008,42.008,clear sky,65,0,4.19,0,0
Kalamazoo,02/23/21,23:45:00,42.2506,-85.55,36.30200000000008,27.57200000000004,35.00600000000003,37.4,few clouds,70,20,3.6,10,26
Hazleton,02/23/21,23:45:00,40.9584,-75.9746,35.69000000000002,29.048000000000023,35.00600000000003,37.004000000000055,overcast clouds,75,90,2.06,31,0
Centennial,02/23/21,21:43:00,39.5792,-104.8769,38.48000000000004,27.302000000000078,30.991999999999997,44.00600000000003,few clouds,26,20,4.12,0,0
Reno,02/23/21,20:42:00,39.5296,-119.8138,38.94800000000002,30.991999999999997,35.6,42.998000000000026,clear sky,32,1,1.82,0,0
Leesburg,02/23/21,23:45:00,39.1157,-77.5636,38.84000000000002,29.354000000000052,35.6,42.8,clear sky,61,1,4.12,0,0
Eagle,02/23/21,22:45:00,43.6954,-116.354,34.16000000000008,27.80600000000003,33.8,35.00600000000003,overcast clouds,75,90,1.68,0,0
Winter Park,02/23/21,23:42:00,28.6,-81.3392,58.31600000000001,55.94000000000002,57.00200000000008,60.8,clear sky,72,1,1.81,0,0
Florence,02/23/21,05:45:00,43.7667,11.25,44.88800000000005,42.35,41.0,48.992,clear sky,100,0,1.07,0,0
